Neighborhood,ZIP Code
Allston,02134
Back Bay,"02116, 02117"
Bay Village,02116
Beacon Hill,"02108, 02114"
Brighton,02135
Charlestown,02129
Chinatown,02111
Dorchester,"02121, 02122, 02124, 02125"
Downtown,"02108, 02109, 02110, 02111"
East Boston,02128
Fenway-Kenmore,02215
Hyde Park,02136
Jamaica Plain,02130
Leather District,02110
Longwood Medical Area,02115
Mattapan,02126
Mission Hill,02120
North End,02113
Roslindale,02131
Roxbury,"02119, 02120"
South Boston,"02127, 02210"
South End,02118
West End,02114
West Roxbury,02132
